check,value
det_AI,3.3320487659315363
noise_AI_min,4.160962237546572
noise_AI_max,5.566414357468106
det_K,6.430980683676914
noise_K_min,7.295494400525334
noise_K_max,8.648084427223605
